PARAMETER,Scenario,REGION,TECHNOLOGY,FUEL,EMISSION,MODE_OF_OPERATION,YEAR,TIMESLICE,SEASON,DAYTYPE,DAILYTIMEBRACKET,STORAGE,Value
TotalTechnologyAnnualActivityLowerLimit,NDCincond,ECU,IMP_REFR_AC,,,,2010,,,,,,0.0
TotalTechnologyAnnualActivityLowerLimit,NDCincond,ECU,IMP_REFR_AC,,,,2011,,,,,,0.0
TotalTechnologyAnnualActivityLowerLimit,NDCincond,ECU,IMP_REFR_AC,,,,2012,,,,,,0.0
TotalTechnologyAnnualActivityLowerLimit,NDCincond,ECU,IMP_REFR_AC,,,,2013,,,,,,0.0
TotalTechnologyAnnualActivityLowerLimit,NDCincond,ECU,IMP_REFR_AC,,,,2014,,,,,,0.0
TotalTechnologyAnnualActivityLowerLimit,NDCincond,ECU,IMP_REFR_AC,,,,2015,,,,,,0.0
TotalTechnologyAnnualActivityLowerLimit,NDCincond,ECU,IMP_REFR_AC,,,,2016,,,,,,0.0
TotalTechnologyAnnualActivityLowerLimit,NDCincond,ECU,IMP_REFR_AC,,,,2017,,,,,,0.0
TotalTechnologyAnnualActivityLowerLimit,NDCincond,ECU,IMP_REFR_AC,,,,2018,,,,,,0.0
TotalTechnologyAnnualActivityLowerLimit,NDCincond,ECU,IMP_REFR_AC,,,,2019,,,,,,0.0
TotalTechnologyAnnualActivityLowerLimit,NDCincond,ECU,IMP_REFR_AC,,,,2020,,,,,,0.0
TotalTechnologyAnnualActivityLowerLimit,NDCincond,ECU,IMP_REFR_AC,,,,2021,,,,,,0.0
TotalTechnologyAnnualActivityLowerLimit,NDCincond,ECU,IMP_REFR_AC,,,,2022,,,,,,0.0
TotalTechnologyAnnualActivityLowerLimit,NDCincond,ECU,IMP_REFR_AC,,,,2023,,,,,,0.0
TotalTechnologyAnnualActivityLowerLimit,NDCincond,ECU,IMP_REFR_AC,,,,2024,,,,,,0.0
TotalTechnologyAnnualActivityLowerLimit,NDCincond,ECU,IMP_REFR_AC,,,,2025,,,,,,0.0
TotalTechnologyAnnualActivityLowerLimit,NDCincond,ECU,IMP_REFR_AC,,,,2026,,,,,,0.0
TotalTechnologyAnnualActivityLowerLimit,NDCincond,ECU,IMP_REFR_AC,,,,2027,,,,,,0.0
TotalTechnologyAnnualActivityLowerLimit,NDCincond,ECU,IMP_REFR_AC,,,,2028,,,,,,0.0
TotalTechnologyAnnualActivityLowerLimit,NDCincond,ECU,IMP_REFR_AC,,,,2029,,,,,,0.0
TotalTechnologyAnnualActivityLowerLimit,NDCincond,ECU,IMP_REFR_AC,,,,2030,,,,,,0.0
TotalTechnologyAnnualActivityLowerLimit,NDCincond,ECU,IMP_REFR_AC,,,,2031,,,,,,0.0
TotalTechnologyAnnualActivityLowerLimit,NDCincond,ECU,IMP_REFR_AC,,,,2032,,,,,,0.0
TotalTechnologyAnnualActivityLowerLimit,NDCincond,ECU,IMP_REFR_AC,,,,2033,,,,,,0.0
TotalTechnologyAnnualActivityLowerLimit,NDCincond,ECU,IMP_REFR_AC,,,,2034,,,,,,0.0
TotalTechnologyAnnualActivityLowerLimit,NDCincond,ECU,IMP_REFR_AC,,,,2035,,,,,,0.0
TotalTechnologyAnnualActivityLowerLimit,NDCincond,ECU,IMP_HFC23,,,,2010,,,,,,0.0034
TotalTechnologyAnnualActivityLowerLimit,NDCincond,ECU,IMP_HFC23,,,,2011,,,,,,0.0026
TotalTechnologyAnnualActivityLowerLimit,NDCincond,ECU,IMP_HFC23,,,,2012,,,,,,0.002
TotalTechnologyAnnualActivityLowerLimit,NDCincond,ECU,IMP_HFC23,,,,2013,,,,,,0.0015
TotalTechnologyAnnualActivityLowerLimit,NDCincond,ECU,IMP_HFC23,,,,2014,,,,,,0.0011
TotalTechnologyAnnualActivityLowerLimit,NDCincond,ECU,IMP_HFC23,,,,2015,,,,,,0.0009
TotalTechnologyAnnualActivityLowerLimit,NDCincond,ECU,IMP_HFC23,,,,2016,,,,,,0.0006
TotalTechnologyAnnualActivityLowerLimit,NDCincond,ECU,IMP_HFC23,,,,2017,,,,,,0.0005
TotalTechnologyAnnualActivityLowerLimit,NDCincond,ECU,IMP_HFC23,,,,2018,,,,,,0.0004
TotalTechnologyAnnualActivityLowerLimit,NDCincond,ECU,IMP_HFC23,,,,2019,,,,,,0.0003
TotalTechnologyAnnualActivityLowerLimit,NDCincond,ECU,IMP_HFC23,,,,2020,,,,,,0.0003
TotalTechnologyAnnualActivityLowerLimit,NDCincond,ECU,IMP_HFC23,,,,2021,,,,,,0.0002
TotalTechnologyAnnualActivityLowerLimit,NDCincond,ECU,IMP_HFC23,,,,2022,,,,,,0.0006
TotalTechnologyAnnualActivityLowerLimit,NDCincond,ECU,IMP_HFC23,,,,2023,,,,,,0.0007
TotalTechnologyAnnualActivityLowerLimit,NDCincond,ECU,IMP_HFC23,,,,2024,,,,,,0.0008
TotalTechnologyAnnualActivityLowerLimit,NDCincond,ECU,IMP_HFC23,,,,2025,,,,,,0.001
TotalTechnologyAnnualActivityLowerLimit,NDCincond,ECU,IMP_HFC23,,,,2026,,,,,,0.0011
TotalTechnologyAnnualActivityLowerLimit,NDCincond,ECU,IMP_HFC23,,,,2027,,,,,,0.0012
TotalTechnologyAnnualActivityLowerLimit,NDCincond,ECU,IMP_HFC23,,,,2028,,,,,,0.0013
TotalTechnologyAnnualActivityLowerLimit,NDCincond,ECU,IMP_HFC23,,,,2029,,,,,,0.0014
TotalTechnologyAnnualActivityLowerLimit,NDCincond,ECU,IMP_HFC23,,,,2030,,,,,,0.0015
TotalTechnologyAnnualActivityLowerLimit,NDCincond,ECU,IMP_HFC23,,,,2031,,,,,,0.0015
TotalTechnologyAnnualActivityLowerLimit,NDCincond,ECU,IMP_HFC23,,,,2032,,,,,,0.0014
TotalTechnologyAnnualActivityLowerLimit,NDCincond,ECU,IMP_HFC23,,,,2033,,,,,,0.0014
TotalTechnologyAnnualActivityLowerLimit,NDCincond,ECU,IMP_HFC23,,,,2034,,,,,,0.0014
TotalTechnologyAnnualActivityLowerLimit,NDCincond,ECU,IMP_HFC23,,,,2035,,,,,,0.0014
TotalTechnologyAnnualActivityLowerLimit,NDCincond,ECU,IMP_HFC32,,,,2010,,,,,,0.0043
TotalTechnologyAnnualActivityLowerLimit,NDCincond,ECU,IMP_HFC32,,,,2011,,,,,,0.0038
TotalTechnologyAnnualActivityLowerLimit,NDCincond,ECU,IMP_HFC32,,,,2012,,,,,,0.0052
TotalTechnologyAnnualActivityLowerLimit,NDCincond,ECU,IMP_HFC32,,,,2013,,,,,,0.0069
TotalTechnologyAnnualActivityLowerLimit,NDCincond,ECU,IMP_HFC32,,,,2014,,,,,,0.0062
TotalTechnologyAnnualActivityLowerLimit,NDCincond,ECU,IMP_HFC32,,,,2015,,,,,,0.0055
TotalTechnologyAnnualActivityLowerLimit,NDCincond,ECU,IMP_HFC32,,,,2016,,,,,,0.005
TotalTechnologyAnnualActivityLowerLimit,NDCincond,ECU,IMP_HFC32,,,,2017,,,,,,0.0044
TotalTechnologyAnnualActivityLowerLimit,NDCincond,ECU,IMP_HFC32,,,,2018,,,,,,0.004
TotalTechnologyAnnualActivityLowerLimit,NDCincond,ECU,IMP_HFC32,,,,2019,,,,,,0.0232
TotalTechnologyAnnualActivityLowerLimit,NDCincond,ECU,IMP_HFC32,,,,2020,,,,,,0.0359
TotalTechnologyAnnualActivityLowerLimit,NDCincond,ECU,IMP_HFC32,,,,2021,,,,,,0.0479
TotalTechnologyAnnualActivityLowerLimit,NDCincond,ECU,IMP_HFC32,,,,2022,,,,,,0.0737
TotalTechnologyAnnualActivityLowerLimit,NDCincond,ECU,IMP_HFC32,,,,2023,,,,,,0.0898
TotalTechnologyAnnualActivityLowerLimit,NDCincond,ECU,IMP_HFC32,,,,2024,,,,,,0.1059
TotalTechnologyAnnualActivityLowerLimit,NDCincond,ECU,IMP_HFC32,,,,2025,,,,,,0.122
TotalTechnologyAnnualActivityLowerLimit,NDCincond,ECU,IMP_HFC32,,,,2026,,,,,,0.1351
TotalTechnologyAnnualActivityLowerLimit,NDCincond,ECU,IMP_HFC32,,,,2027,,,,,,0.1481
TotalTechnologyAnnualActivityLowerLimit,NDCincond,ECU,IMP_HFC32,,,,2028,,,,,,0.1612
TotalTechnologyAnnualActivityLowerLimit,NDCincond,ECU,IMP_HFC32,,,,2029,,,,,,0.1743
TotalTechnologyAnnualActivityLowerLimit,NDCincond,ECU,IMP_HFC32,,,,2030,,,,,,0.1884
TotalTechnologyAnnualActivityLowerLimit,NDCincond,ECU,IMP_HFC32,,,,2031,,,,,,0.1868
TotalTechnologyAnnualActivityLowerLimit,NDCincond,ECU,IMP_HFC32,,,,2032,,,,,,0.1852
TotalTechnologyAnnualActivityLowerLimit,NDCincond,ECU,IMP_HFC32,,,,2033,,,,,,0.1837
TotalTechnologyAnnualActivityLowerLimit,NDCincond,ECU,IMP_HFC32,,,,2034,,,,,,0.1821
TotalTechnologyAnnualActivityLowerLimit,NDCincond,ECU,IMP_HFC32,,,,2035,,,,,,0.1805
TotalTechnologyAnnualActivityLowerLimit,NDCincond,ECU,IMP_HFC125,,,,2010,,,,,,0.0091
TotalTechnologyAnnualActivityLowerLimit,NDCincond,ECU,IMP_HFC125,,,,2011,,,,,,0.0108
TotalTechnologyAnnualActivityLowerLimit,NDCincond,ECU,IMP_HFC125,,,,2012,,,,,,0.0126
TotalTechnologyAnnualActivityLowerLimit,NDCincond,ECU,IMP_HFC125,,,,2013,,,,,,0.0137
TotalTechnologyAnnualActivityLowerLimit,NDCincond,ECU,IMP_HFC125,,,,2014,,,,,,0.0101
TotalTechnologyAnnualActivityLowerLimit,NDCincond,ECU,IMP_HFC125,,,,2015,,,,,,0.0085
TotalTechnologyAnnualActivityLowerLimit,NDCincond,ECU,IMP_HFC125,,,,2016,,,,,,0.0067
TotalTechnologyAnnualActivityLowerLimit,NDCincond,ECU,IMP_HFC125,,,,2017,,,,,,0.0063
TotalTechnologyAnnualActivityLowerLimit,NDCincond,ECU,IMP_HFC125,,,,2018,,,,,,0.0068
TotalTechnologyAnnualActivityLowerLimit,NDCincond,ECU,IMP_HFC125,,,,2019,,,,,,0.0652
TotalTechnologyAnnualActivityLowerLimit,NDCincond,ECU,IMP_HFC125,,,,2020,,,,,,0.0954
TotalTechnologyAnnualActivityLowerLimit,NDCincond,ECU,IMP_HFC125,,,,2021,,,,,,0.1172
TotalTechnologyAnnualActivityLowerLimit,NDCincond,ECU,IMP_HFC125,,,,2022,,,,,,0.1854
TotalTechnologyAnnualActivityLowerLimit,NDCincond,ECU,IMP_HFC125,,,,2023,,,,,,0.2258
TotalTechnologyAnnualActivityLowerLimit,NDCincond,ECU,IMP_HFC125,,,,2024,,,,,,0.2662
TotalTechnologyAnnualActivityLowerLimit,NDCincond,ECU,IMP_HFC125,,,,2025,,,,,,0.3066
TotalTechnologyAnnualActivityLowerLimit,NDCincond,ECU,IMP_HFC125,,,,2026,,,,,,0.3394
TotalTechnologyAnnualActivityLowerLimit,NDCincond,ECU,IMP_HFC125,,,,2027,,,,,,0.3723
TotalTechnologyAnnualActivityLowerLimit,NDCincond,ECU,IMP_HFC125,,,,2028,,,,,,0.4052
TotalTechnologyAnnualActivityLowerLimit,NDCincond,ECU,IMP_HFC125,,,,2029,,,,,,0.4381
TotalTechnologyAnnualActivityLowerLimit,NDCincond,ECU,IMP_HFC125,,,,2030,,,,,,0.4734
TotalTechnologyAnnualActivityLowerLimit,NDCincond,ECU,IMP_HFC125,,,,2031,,,,,,0.4695
TotalTechnologyAnnualActivityLowerLimit,NDCincond,ECU,IMP_HFC125,,,,2032,,,,,,0.4655
TotalTechnologyAnnualActivityLowerLimit,NDCincond,ECU,IMP_HFC125,,,,2033,,,,,,0.4616
TotalTechnologyAnnualActivityLowerLimit,NDCincond,ECU,IMP_HFC125,,,,2034,,,,,,0.4576
TotalTechnologyAnnualActivityLowerLimit,NDCincond,ECU,IMP_HFC125,,,,2035,,,,,,0.4536
TotalTechnologyAnnualActivityLowerLimit,NDCincond,ECU,IMP_HFC134a,,,,2010,,,,,,0.0794
TotalTechnologyAnnualActivityLowerLimit,NDCincond,ECU,IMP_HFC134a,,,,2011,,,,,,0.0906
TotalTechnologyAnnualActivityLowerLimit,NDCincond,ECU,IMP_HFC134a,,,,2012,,,,,,0.1235
TotalTechnologyAnnualActivityLowerLimit,NDCincond,ECU,IMP_HFC134a,,,,2013,,,,,,0.1658
TotalTechnologyAnnualActivityLowerLimit,NDCincond,ECU,IMP_HFC134a,,,,2014,,,,,,0.2255
TotalTechnologyAnnualActivityLowerLimit,NDCincond,ECU,IMP_HFC134a,,,,2015,,,,,,0.2765
TotalTechnologyAnnualActivityLowerLimit,NDCincond,ECU,IMP_HFC134a,,,,2016,,,,,,0.3072
TotalTechnologyAnnualActivityLowerLimit,NDCincond,ECU,IMP_HFC134a,,,,2017,,,,,,0.3382
TotalTechnologyAnnualActivityLowerLimit,NDCincond,ECU,IMP_HFC134a,,,,2018,,,,,,0.3628
TotalTechnologyAnnualActivityLowerLimit,NDCincond,ECU,IMP_HFC134a,,,,2019,,,,,,0.3978
TotalTechnologyAnnualActivityLowerLimit,NDCincond,ECU,IMP_HFC134a,,,,2020,,,,,,0.427
TotalTechnologyAnnualActivityLowerLimit,NDCincond,ECU,IMP_HFC134a,,,,2021,,,,,,0.4122
TotalTechnologyAnnualActivityLowerLimit,NDCincond,ECU,IMP_HFC134a,,,,2022,,,,,,0.4691
TotalTechnologyAnnualActivityLowerLimit,NDCincond,ECU,IMP_HFC134a,,,,2023,,,,,,0.5713
TotalTechnologyAnnualActivityLowerLimit,NDCincond,ECU,IMP_HFC134a,,,,2024,,,,,,0.6735
TotalTechnologyAnnualActivityLowerLimit,NDCincond,ECU,IMP_HFC134a,,,,2025,,,,,,0.7757
TotalTechnologyAnnualActivityLowerLimit,NDCincond,ECU,IMP_HFC134a,,,,2026,,,,,,0.8588
TotalTechnologyAnnualActivityLowerLimit,NDCincond,ECU,IMP_HFC134a,,,,2027,,,,,,0.942
TotalTechnologyAnnualActivityLowerLimit,NDCincond,ECU,IMP_HFC134a,,,,2028,,,,,,1.0252
TotalTechnologyAnnualActivityLowerLimit,NDCincond,ECU,IMP_HFC134a,,,,2029,,,,,,1.1084
TotalTechnologyAnnualActivityLowerLimit,NDCincond,ECU,IMP_HFC134a,,,,2030,,,,,,1.1979
TotalTechnologyAnnualActivityLowerLimit,NDCincond,ECU,IMP_HFC134a,,,,2031,,,,,,1.1878
TotalTechnologyAnnualActivityLowerLimit,NDCincond,ECU,IMP_HFC134a,,,,2032,,,,,,1.1778
TotalTechnologyAnnualActivityLowerLimit,NDCincond,ECU,IMP_HFC134a,,,,2033,,,,,,1.1678
TotalTechnologyAnnualActivityLowerLimit,NDCincond,ECU,IMP_HFC134a,,,,2034,,,,,,1.1578
TotalTechnologyAnnualActivityLowerLimit,NDCincond,ECU,IMP_HFC134a,,,,2035,,,,,,1.1478
TotalTechnologyAnnualActivityLowerLimit,NDCincond,ECU,IMP_HFC143a,,,,2010,,,,,,0.0078
TotalTechnologyAnnualActivityLowerLimit,NDCincond,ECU,IMP_HFC143a,,,,2011,,,,,,0.0109
TotalTechnologyAnnualActivityLowerLimit,NDCincond,ECU,IMP_HFC143a,,,,2012,,,,,,0.0125
TotalTechnologyAnnualActivityLowerLimit,NDCincond,ECU,IMP_HFC143a,,,,2013,,,,,,0.0094
TotalTechnologyAnnualActivityLowerLimit,NDCincond,ECU,IMP_HFC143a,,,,2014,,,,,,0.0063
TotalTechnologyAnnualActivityLowerLimit,NDCincond,ECU,IMP_HFC143a,,,,2015,,,,,,0.0086
TotalTechnologyAnnualActivityLowerLimit,NDCincond,ECU,IMP_HFC143a,,,,2016,,,,,,0.0085
TotalTechnologyAnnualActivityLowerLimit,NDCincond,ECU,IMP_HFC143a,,,,2017,,,,,,0.006
TotalTechnologyAnnualActivityLowerLimit,NDCincond,ECU,IMP_HFC143a,,,,2018,,,,,,0.0039
TotalTechnologyAnnualActivityLowerLimit,NDCincond,ECU,IMP_HFC143a,,,,2019,,,,,,0.0409
TotalTechnologyAnnualActivityLowerLimit,NDCincond,ECU,IMP_HFC143a,,,,2020,,,,,,0.0662
TotalTechnologyAnnualActivityLowerLimit,NDCincond,ECU,IMP_HFC143a,,,,2021,,,,,,0.0797
TotalTechnologyAnnualActivityLowerLimit,NDCincond,ECU,IMP_HFC143a,,,,2022,,,,,,0.1464
TotalTechnologyAnnualActivityLowerLimit,NDCincond,ECU,IMP_HFC143a,,,,2023,,,,,,0.1783
TotalTechnologyAnnualActivityLowerLimit,NDCincond,ECU,IMP_HFC143a,,,,2024,,,,,,0.2101
TotalTechnologyAnnualActivityLowerLimit,NDCincond,ECU,IMP_HFC143a,,,,2025,,,,,,0.242
TotalTechnologyAnnualActivityLowerLimit,NDCincond,ECU,IMP_HFC143a,,,,2026,,,,,,0.268
TotalTechnologyAnnualActivityLowerLimit,NDCincond,ECU,IMP_HFC143a,,,,2027,,,,,,0.2939
TotalTechnologyAnnualActivityLowerLimit,NDCincond,ECU,IMP_HFC143a,,,,2028,,,,,,0.3199
TotalTechnologyAnnualActivityLowerLimit,NDCincond,ECU,IMP_HFC143a,,,,2029,,,,,,0.3459
TotalTechnologyAnnualActivityLowerLimit,NDCincond,ECU,IMP_HFC143a,,,,2030,,,,,,0.3738
TotalTechnologyAnnualActivityLowerLimit,NDCincond,ECU,IMP_HFC143a,,,,2031,,,,,,0.3706
TotalTechnologyAnnualActivityLowerLimit,NDCincond,ECU,IMP_HFC143a,,,,2032,,,,,,0.3675
TotalTechnologyAnnualActivityLowerLimit,NDCincond,ECU,IMP_HFC143a,,,,2033,,,,,,0.3644
TotalTechnologyAnnualActivityLowerLimit,NDCincond,ECU,IMP_HFC143a,,,,2034,,,,,,0.3613
TotalTechnologyAnnualActivityLowerLimit,NDCincond,ECU,IMP_HFC143a,,,,2035,,,,,,0.3581
TotalTechnologyAnnualActivityLowerLimit,NDCincond,ECU,IMP_HFC152a,,,,2010,,,,,,0.0
TotalTechnologyAnnualActivityLowerLimit,NDCincond,ECU,IMP_HFC152a,,,,2011,,,,,,0.0
TotalTechnologyAnnualActivityLowerLimit,NDCincond,ECU,IMP_HFC152a,,,,2012,,,,,,0.0
TotalTechnologyAnnualActivityLowerLimit,NDCincond,ECU,IMP_HFC152a,,,,2013,,,,,,0.0007
TotalTechnologyAnnualActivityLowerLimit,NDCincond,ECU,IMP_HFC152a,,,,2014,,,,,,0.0014
TotalTechnologyAnnualActivityLowerLimit,NDCincond,ECU,IMP_HFC152a,,,,2015,,,,,,0.0007
TotalTechnologyAnnualActivityLowerLimit,NDCincond,ECU,IMP_HFC152a,,,,2016,,,,,,0.0014
TotalTechnologyAnnualActivityLowerLimit,NDCincond,ECU,IMP_HFC152a,,,,2017,,,,,,0.0014
TotalTechnologyAnnualActivityLowerLimit,NDCincond,ECU,IMP_HFC152a,,,,2018,,,,,,0.0007
TotalTechnologyAnnualActivityLowerLimit,NDCincond,ECU,IMP_HFC152a,,,,2019,,,,,,0.0007
TotalTechnologyAnnualActivityLowerLimit,NDCincond,ECU,IMP_HFC152a,,,,2020,,,,,,0.0007
TotalTechnologyAnnualActivityLowerLimit,NDCincond,ECU,IMP_HFC152a,,,,2021,,,,,,0.0014
TotalTechnologyAnnualActivityLowerLimit,NDCincond,ECU,IMP_HFC152a,,,,2022,,,,,,0.0022
TotalTechnologyAnnualActivityLowerLimit,NDCincond,ECU,IMP_HFC152a,,,,2023,,,,,,0.0024
TotalTechnologyAnnualActivityLowerLimit,NDCincond,ECU,IMP_HFC152a,,,,2024,,,,,,0.0029
TotalTechnologyAnnualActivityLowerLimit,NDCincond,ECU,IMP_HFC152a,,,,2025,,,,,,0.0033
TotalTechnologyAnnualActivityLowerLimit,NDCincond,ECU,IMP_HFC152a,,,,2026,,,,,,0.0037
TotalTechnologyAnnualActivityLowerLimit,NDCincond,ECU,IMP_HFC152a,,,,2027,,,,,,0.004
TotalTechnologyAnnualActivityLowerLimit,NDCincond,ECU,IMP_HFC152a,,,,2028,,,,,,0.0044
TotalTechnologyAnnualActivityLowerLimit,NDCincond,ECU,IMP_HFC152a,,,,2029,,,,,,0.0047
TotalTechnologyAnnualActivityLowerLimit,NDCincond,ECU,IMP_HFC152a,,,,2030,,,,,,0.0051
TotalTechnologyAnnualActivityLowerLimit,NDCincond,ECU,IMP_HFC152a,,,,2031,,,,,,0.0051
TotalTechnologyAnnualActivityLowerLimit,NDCincond,ECU,IMP_HFC152a,,,,2032,,,,,,0.005
TotalTechnologyAnnualActivityLowerLimit,NDCincond,ECU,IMP_HFC152a,,,,2033,,,,,,0.005
TotalTechnologyAnnualActivityLowerLimit,NDCincond,ECU,IMP_HFC152a,,,,2034,,,,,,0.005
TotalTechnologyAnnualActivityLowerLimit,NDCincond,ECU,IMP_HFC152a,,,,2035,,,,,,0.0049
TotalTechnologyAnnualActivityLowerLimit,NDCincond,ECU,IMP_HFC227ea,,,,2010,,,,,,0.0
TotalTechnologyAnnualActivityLowerLimit,NDCincond,ECU,IMP_HFC227ea,,,,2011,,,,,,0.0
TotalTechnologyAnnualActivityLowerLimit,NDCincond,ECU,IMP_HFC227ea,,,,2012,,,,,,0.0
TotalTechnologyAnnualActivityLowerLimit,NDCincond,ECU,IMP_HFC227ea,,,,2013,,,,,,0.0
TotalTechnologyAnnualActivityLowerLimit,NDCincond,ECU,IMP_HFC227ea,,,,2014,,,,,,0.0
TotalTechnologyAnnualActivityLowerLimit,NDCincond,ECU,IMP_HFC227ea,,,,2015,,,,,,0.0
TotalTechnologyAnnualActivityLowerLimit,NDCincond,ECU,IMP_HFC227ea,,,,2016,,,,,,0.0
TotalTechnologyAnnualActivityLowerLimit,NDCincond,ECU,IMP_HFC227ea,,,,2017,,,,,,0.0
TotalTechnologyAnnualActivityLowerLimit,NDCincond,ECU,IMP_HFC227ea,,,,2018,,,,,,0.0
TotalTechnologyAnnualActivityLowerLimit,NDCincond,ECU,IMP_HFC227ea,,,,2019,,,,,,0.0
TotalTechnologyAnnualActivityLowerLimit,NDCincond,ECU,IMP_HFC227ea,,,,2020,,,,,,0.0
TotalTechnologyAnnualActivityLowerLimit,NDCincond,ECU,IMP_HFC227ea,,,,2021,,,,,,0.0
TotalTechnologyAnnualActivityLowerLimit,NDCincond,ECU,IMP_HFC227ea,,,,2022,,,,,,0.0
TotalTechnologyAnnualActivityLowerLimit,NDCincond,ECU,IMP_HFC227ea,,,,2023,,,,,,0.0
TotalTechnologyAnnualActivityLowerLimit,NDCincond,ECU,IMP_HFC227ea,,,,2024,,,,,,0.0
TotalTechnologyAnnualActivityLowerLimit,NDCincond,ECU,IMP_HFC227ea,,,,2025,,,,,,0.0
TotalTechnologyAnnualActivityLowerLimit,NDCincond,ECU,IMP_HFC227ea,,,,2026,,,,,,0.0
TotalTechnologyAnnualActivityLowerLimit,NDCincond,ECU,IMP_HFC227ea,,,,2027,,,,,,0.0
TotalTechnologyAnnualActivityLowerLimit,NDCincond,ECU,IMP_HFC227ea,,,,2028,,,,,,0.0
TotalTechnologyAnnualActivityLowerLimit,NDCincond,ECU,IMP_HFC227ea,,,,2029,,,,,,0.0
TotalTechnologyAnnualActivityLowerLimit,NDCincond,ECU,IMP_HFC227ea,,,,2030,,,,,,0.0
TotalTechnologyAnnualActivityLowerLimit,NDCincond,ECU,IMP_HFC227ea,,,,2031,,,,,,0.0
TotalTechnologyAnnualActivityLowerLimit,NDCincond,ECU,IMP_HFC227ea,,,,2032,,,,,,0.0
TotalTechnologyAnnualActivityLowerLimit,NDCincond,ECU,IMP_HFC227ea,,,,2033,,,,,,0.0
TotalTechnologyAnnualActivityLowerLimit,NDCincond,ECU,IMP_HFC227ea,,,,2034,,,,,,0.0
TotalTechnologyAnnualActivityLowerLimit,NDCincond,ECU,IMP_HFC227ea,,,,2035,,,,,,0.0
TotalTechnologyAnnualActivityLowerLimit,NDCincond,ECU,OTHER_IPPU,,,,2010,,,,,,0.0
TotalTechnologyAnnualActivityLowerLimit,NDCincond,ECU,OTHER_IPPU,,,,2011,,,,,,0.0
TotalTechnologyAnnualActivityLowerLimit,NDCincond,ECU,OTHER_IPPU,,,,2012,,,,,,0.0
TotalTechnologyAnnualActivityLowerLimit,NDCincond,ECU,OTHER_IPPU,,,,2013,,,,,,0.0
TotalTechnologyAnnualActivityLowerLimit,NDCincond,ECU,OTHER_IPPU,,,,2014,,,,,,0.0
TotalTechnologyAnnualActivityLowerLimit,NDCincond,ECU,OTHER_IPPU,,,,2015,,,,,,0.0
TotalTechnologyAnnualActivityLowerLimit,NDCincond,ECU,OTHER_IPPU,,,,2016,,,,,,0.0
TotalTechnologyAnnualActivityLowerLimit,NDCincond,ECU,OTHER_IPPU,,,,2017,,,,,,0.0
TotalTechnologyAnnualActivityLowerLimit,NDCincond,ECU,OTHER_IPPU,,,,2018,,,,,,0.0
TotalTechnologyAnnualActivityLowerLimit,NDCincond,ECU,OTHER_IPPU,,,,2019,,,,,,0.0
TotalTechnologyAnnualActivityLowerLimit,NDCincond,ECU,OTHER_IPPU,,,,2020,,,,,,0.0
TotalTechnologyAnnualActivityLowerLimit,NDCincond,ECU,OTHER_IPPU,,,,2021,,,,,,0.0
TotalTechnologyAnnualActivityLowerLimit,NDCincond,ECU,OTHER_IPPU,,,,2022,,,,,,0.0
TotalTechnologyAnnualActivityLowerLimit,NDCincond,ECU,OTHER_IPPU,,,,2023,,,,,,0.0
TotalTechnologyAnnualActivityLowerLimit,NDCincond,ECU,OTHER_IPPU,,,,2024,,,,,,0.0
TotalTechnologyAnnualActivityLowerLimit,NDCincond,ECU,OTHER_IPPU,,,,2025,,,,,,0.0
TotalTechnologyAnnualActivityLowerLimit,NDCincond,ECU,OTHER_IPPU,,,,2026,,,,,,0.0
TotalTechnologyAnnualActivityLowerLimit,NDCincond,ECU,OTHER_IPPU,,,,2027,,,,,,0.0
TotalTechnologyAnnualActivityLowerLimit,NDCincond,ECU,OTHER_IPPU,,,,2028,,,,,,0.0
TotalTechnologyAnnualActivityLowerLimit,NDCincond,ECU,OTHER_IPPU,,,,2029,,,,,,0.0
TotalTechnologyAnnualActivityLowerLimit,NDCincond,ECU,OTHER_IPPU,,,,2030,,,,,,0.0
TotalTechnologyAnnualActivityLowerLimit,NDCincond,ECU,OTHER_IPPU,,,,2031,,,,,,0.0
TotalTechnologyAnnualActivityLowerLimit,NDCincond,ECU,OTHER_IPPU,,,,2032,,,,,,0.0
TotalTechnologyAnnualActivityLowerLimit,NDCincond,ECU,OTHER_IPPU,,,,2033,,,,,,0.0
TotalTechnologyAnnualActivityLowerLimit,NDCincond,ECU,OTHER_IPPU,,,,2034,,,,,,0.0
TotalTechnologyAnnualActivityLowerLimit,NDCincond,ECU,OTHER_IPPU,,,,2035,,,,,,0.0
TotalTechnologyAnnualActivityLowerLimit,NDCincond,ECU,LIME_PROD,,,,2010,,,,,,0.0665
TotalTechnologyAnnualActivityLowerLimit,NDCincond,ECU,LIME_PROD,,,,2011,,,,,,0.0692
TotalTechnologyAnnualActivityLowerLimit,NDCincond,ECU,LIME_PROD,,,,2012,,,,,,0.0719
TotalTechnologyAnnualActivityLowerLimit,NDCincond,ECU,LIME_PROD,,,,2013,,,,,,0.0742
TotalTechnologyAnnualActivityLowerLimit,NDCincond,ECU,LIME_PROD,,,,2014,,,,,,0.0766
TotalTechnologyAnnualActivityLowerLimit,NDCincond,ECU,LIME_PROD,,,,2015,,,,,,0.0852
TotalTechnologyAnnualActivityLowerLimit,NDCincond,ECU,LIME_PROD,,,,2016,,,,,,0.0938
TotalTechnologyAnnualActivityLowerLimit,NDCincond,ECU,LIME_PROD,,,,2017,,,,,,0.1005
TotalTechnologyAnnualActivityLowerLimit,NDCincond,ECU,LIME_PROD,,,,2018,,,,,,0.1071
TotalTechnologyAnnualActivityLowerLimit,NDCincond,ECU,LIME_PROD,,,,2019,,,,,,0.1144
TotalTechnologyAnnualActivityLowerLimit,NDCincond,ECU,LIME_PROD,,,,2020,,,,,,0.1216
TotalTechnologyAnnualActivityLowerLimit,NDCincond,ECU,LIME_PROD,,,,2021,,,,,,0.2199
TotalTechnologyAnnualActivityLowerLimit,NDCincond,ECU,LIME_PROD,,,,2022,,,,,,0.1791
TotalTechnologyAnnualActivityLowerLimit,NDCincond,ECU,LIME_PROD,,,,2023,,,,,,0.1829
TotalTechnologyAnnualActivityLowerLimit,NDCincond,ECU,LIME_PROD,,,,2024,,,,,,0.1868
TotalTechnologyAnnualActivityLowerLimit,NDCincond,ECU,LIME_PROD,,,,2025,,,,,,0.1908
TotalTechnologyAnnualActivityLowerLimit,NDCincond,ECU,LIME_PROD,,,,2026,,,,,,0.1949
TotalTechnologyAnnualActivityLowerLimit,NDCincond,ECU,LIME_PROD,,,,2027,,,,,,0.1991
TotalTechnologyAnnualActivityLowerLimit,NDCincond,ECU,LIME_PROD,,,,2028,,,,,,0.2034
TotalTechnologyAnnualActivityLowerLimit,NDCincond,ECU,LIME_PROD,,,,2029,,,,,,0.2077
TotalTechnologyAnnualActivityLowerLimit,NDCincond,ECU,LIME_PROD,,,,2030,,,,,,0.2121
TotalTechnologyAnnualActivityLowerLimit,NDCincond,ECU,LIME_PROD,,,,2031,,,,,,0.2167
TotalTechnologyAnnualActivityLowerLimit,NDCincond,ECU,LIME_PROD,,,,2032,,,,,,0.2213
TotalTechnologyAnnualActivityLowerLimit,NDCincond,ECU,LIME_PROD,,,,2033,,,,,,0.226
TotalTechnologyAnnualActivityLowerLimit,NDCincond,ECU,LIME_PROD,,,,2034,,,,,,0.2309
TotalTechnologyAnnualActivityLowerLimit,NDCincond,ECU,LIME_PROD,,,,2035,,,,,,0.2358
TotalTechnologyAnnualActivityLowerLimit,NDCincond,ECU,GLASS_PROD,,,,2010,,,,,,0.0075
TotalTechnologyAnnualActivityLowerLimit,NDCincond,ECU,GLASS_PROD,,,,2011,,,,,,0.0092
TotalTechnologyAnnualActivityLowerLimit,NDCincond,ECU,GLASS_PROD,,,,2012,,,,,,0.0109
TotalTechnologyAnnualActivityLowerLimit,NDCincond,ECU,GLASS_PROD,,,,2013,,,,,,0.0126
TotalTechnologyAnnualActivityLowerLimit,NDCincond,ECU,GLASS_PROD,,,,2014,,,,,,0.0143
TotalTechnologyAnnualActivityLowerLimit,NDCincond,ECU,GLASS_PROD,,,,2015,,,,,,0.0125
TotalTechnologyAnnualActivityLowerLimit,NDCincond,ECU,GLASS_PROD,,,,2016,,,,,,0.0107
TotalTechnologyAnnualActivityLowerLimit,NDCincond,ECU,GLASS_PROD,,,,2017,,,,,,0.0124
TotalTechnologyAnnualActivityLowerLimit,NDCincond,ECU,GLASS_PROD,,,,2018,,,,,,0.0141
TotalTechnologyAnnualActivityLowerLimit,NDCincond,ECU,GLASS_PROD,,,,2019,,,,,,0.0094
TotalTechnologyAnnualActivityLowerLimit,NDCincond,ECU,GLASS_PROD,,,,2020,,,,,,0.0047
TotalTechnologyAnnualActivityLowerLimit,NDCincond,ECU,GLASS_PROD,,,,2021,,,,,,0.0089
TotalTechnologyAnnualActivityLowerLimit,NDCincond,ECU,GLASS_PROD,,,,2022,,,,,,0.0081
TotalTechnologyAnnualActivityLowerLimit,NDCincond,ECU,GLASS_PROD,,,,2023,,,,,,0.0083
TotalTechnologyAnnualActivityLowerLimit,NDCincond,ECU,GLASS_PROD,,,,2024,,,,,,0.0084
TotalTechnologyAnnualActivityLowerLimit,NDCincond,ECU,GLASS_PROD,,,,2025,,,,,,0.0086
TotalTechnologyAnnualActivityLowerLimit,NDCincond,ECU,GLASS_PROD,,,,2026,,,,,,0.0088
TotalTechnologyAnnualActivityLowerLimit,NDCincond,ECU,GLASS_PROD,,,,2027,,,,,,0.009
TotalTechnologyAnnualActivityLowerLimit,NDCincond,ECU,GLASS_PROD,,,,2028,,,,,,0.0092
TotalTechnologyAnnualActivityLowerLimit,NDCincond,ECU,GLASS_PROD,,,,2029,,,,,,0.0094
TotalTechnologyAnnualActivityLowerLimit,NDCincond,ECU,GLASS_PROD,,,,2030,,,,,,0.0096
TotalTechnologyAnnualActivityLowerLimit,NDCincond,ECU,GLASS_PROD,,,,2031,,,,,,0.0098
TotalTechnologyAnnualActivityLowerLimit,NDCincond,ECU,GLASS_PROD,,,,2032,,,,,,0.01
TotalTechnologyAnnualActivityLowerLimit,NDCincond,ECU,GLASS_PROD,,,,2033,,,,,,0.0102
TotalTechnologyAnnualActivityLowerLimit,NDCincond,ECU,GLASS_PROD,,,,2034,,,,,,0.0104
TotalTechnologyAnnualActivityLowerLimit,NDCincond,ECU,GLASS_PROD,,,,2035,,,,,,0.0107
TotalTechnologyAnnualActivityLowerLimit,NDCincond,ECU,CERAMICS,,,,2010,,,,,,0.3181
TotalTechnologyAnnualActivityLowerLimit,NDCincond,ECU,CERAMICS,,,,2011,,,,,,0.4096
TotalTechnologyAnnualActivityLowerLimit,NDCincond,ECU,CERAMICS,,,,2012,,,,,,0.5012
TotalTechnologyAnnualActivityLowerLimit,NDCincond,ECU,CERAMICS,,,,2013,,,,,,0.4401
TotalTechnologyAnnualActivityLowerLimit,NDCincond,ECU,CERAMICS,,,,2014,,,,,,0.3789
TotalTechnologyAnnualActivityLowerLimit,NDCincond,ECU,CERAMICS,,,,2015,,,,,,0.383
TotalTechnologyAnnualActivityLowerLimit,NDCincond,ECU,CERAMICS,,,,2016,,,,,,0.3872
TotalTechnologyAnnualActivityLowerLimit,NDCincond,ECU,CERAMICS,,,,2017,,,,,,0.296
TotalTechnologyAnnualActivityLowerLimit,NDCincond,ECU,CERAMICS,,,,2018,,,,,,0.2049
TotalTechnologyAnnualActivityLowerLimit,NDCincond,ECU,CERAMICS,,,,2019,,,,,,0.1522
TotalTechnologyAnnualActivityLowerLimit,NDCincond,ECU,CERAMICS,,,,2020,,,,,,0.0995
TotalTechnologyAnnualActivityLowerLimit,NDCincond,ECU,CERAMICS,,,,2021,,,,,,0.0446
TotalTechnologyAnnualActivityLowerLimit,NDCincond,ECU,CERAMICS,,,,2022,,,,,,0.2117
TotalTechnologyAnnualActivityLowerLimit,NDCincond,ECU,CERAMICS,,,,2023,,,,,,0.2162
TotalTechnologyAnnualActivityLowerLimit,NDCincond,ECU,CERAMICS,,,,2024,,,,,,0.2208
TotalTechnologyAnnualActivityLowerLimit,NDCincond,ECU,CERAMICS,,,,2025,,,,,,0.2256
TotalTechnologyAnnualActivityLowerLimit,NDCincond,ECU,CERAMICS,,,,2026,,,,,,0.2304
TotalTechnologyAnnualActivityLowerLimit,NDCincond,ECU,CERAMICS,,,,2027,,,,,,0.2353
TotalTechnologyAnnualActivityLowerLimit,NDCincond,ECU,CERAMICS,,,,2028,,,,,,0.2404
TotalTechnologyAnnualActivityLowerLimit,NDCincond,ECU,CERAMICS,,,,2029,,,,,,0.2455
TotalTechnologyAnnualActivityLowerLimit,NDCincond,ECU,CERAMICS,,,,2030,,,,,,0.2507
TotalTechnologyAnnualActivityLowerLimit,NDCincond,ECU,CERAMICS,,,,2031,,,,,,0.2561
TotalTechnologyAnnualActivityLowerLimit,NDCincond,ECU,CERAMICS,,,,2032,,,,,,0.2616
TotalTechnologyAnnualActivityLowerLimit,NDCincond,ECU,CERAMICS,,,,2033,,,,,,0.2672
TotalTechnologyAnnualActivityLowerLimit,NDCincond,ECU,CERAMICS,,,,2034,,,,,,0.2729
TotalTechnologyAnnualActivityLowerLimit,NDCincond,ECU,CERAMICS,,,,2035,,,,,,0.2787
TotalTechnologyAnnualActivityLowerLimit,NDCincond,ECU,SODA_ASH,,,,2010,,,,,,0.0
TotalTechnologyAnnualActivityLowerLimit,NDCincond,ECU,SODA_ASH,,,,2011,,,,,,0.0009
TotalTechnologyAnnualActivityLowerLimit,NDCincond,ECU,SODA_ASH,,,,2012,,,,,,0.0018
TotalTechnologyAnnualActivityLowerLimit,NDCincond,ECU,SODA_ASH,,,,2013,,,,,,0.0018
TotalTechnologyAnnualActivityLowerLimit,NDCincond,ECU,SODA_ASH,,,,2014,,,,,,0.0018
TotalTechnologyAnnualActivityLowerLimit,NDCincond,ECU,SODA_ASH,,,,2015,,,,,,0.0009
TotalTechnologyAnnualActivityLowerLimit,NDCincond,ECU,SODA_ASH,,,,2016,,,,,,0.0
TotalTechnologyAnnualActivityLowerLimit,NDCincond,ECU,SODA_ASH,,,,2017,,,,,,0.0015
TotalTechnologyAnnualActivityLowerLimit,NDCincond,ECU,SODA_ASH,,,,2018,,,,,,0.0031
TotalTechnologyAnnualActivityLowerLimit,NDCincond,ECU,SODA_ASH,,,,2019,,,,,,0.0058
TotalTechnologyAnnualActivityLowerLimit,NDCincond,ECU,SODA_ASH,,,,2020,,,,,,0.0085
TotalTechnologyAnnualActivityLowerLimit,NDCincond,ECU,SODA_ASH,,,,2021,,,,,,0.0012
TotalTechnologyAnnualActivityLowerLimit,NDCincond,ECU,SODA_ASH,,,,2022,,,,,,0.0017
TotalTechnologyAnnualActivityLowerLimit,NDCincond,ECU,SODA_ASH,,,,2023,,,,,,0.0017
TotalTechnologyAnnualActivityLowerLimit,NDCincond,ECU,SODA_ASH,,,,2024,,,,,,0.0018
TotalTechnologyAnnualActivityLowerLimit,NDCincond,ECU,SODA_ASH,,,,2025,,,,,,0.0018
TotalTechnologyAnnualActivityLowerLimit,NDCincond,ECU,SODA_ASH,,,,2026,,,,,,0.0019
TotalTechnologyAnnualActivityLowerLimit,NDCincond,ECU,SODA_ASH,,,,2027,,,,,,0.0019
TotalTechnologyAnnualActivityLowerLimit,NDCincond,ECU,SODA_ASH,,,,2028,,,,,,0.0019
TotalTechnologyAnnualActivityLowerLimit,NDCincond,ECU,SODA_ASH,,,,2029,,,,,,0.002
TotalTechnologyAnnualActivityLowerLimit,NDCincond,ECU,SODA_ASH,,,,2030,,,,,,0.002
TotalTechnologyAnnualActivityLowerLimit,NDCincond,ECU,SODA_ASH,,,,2031,,,,,,0.0021
TotalTechnologyAnnualActivityLowerLimit,NDCincond,ECU,SODA_ASH,,,,2032,,,,,,0.0021
TotalTechnologyAnnualActivityLowerLimit,NDCincond,ECU,SODA_ASH,,,,2033,,,,,,0.0021
TotalTechnologyAnnualActivityLowerLimit,NDCincond,ECU,SODA_ASH,,,,2034,,,,,,0.0022
TotalTechnologyAnnualActivityLowerLimit,NDCincond,ECU,SODA_ASH,,,,2035,,,,,,0.0022
TotalTechnologyAnnualActivityLowerLimit,NDCincond,ECU,IRON_STEEL,,,,2010,,,,,,0.0298
TotalTechnologyAnnualActivityLowerLimit,NDCincond,ECU,IRON_STEEL,,,,2011,,,,,,0.0317
TotalTechnologyAnnualActivityLowerLimit,NDCincond,ECU,IRON_STEEL,,,,2012,,,,,,0.0336
TotalTechnologyAnnualActivityLowerLimit,NDCincond,ECU,IRON_STEEL,,,,2013,,,,,,0.0357
TotalTechnologyAnnualActivityLowerLimit,NDCincond,ECU,IRON_STEEL,,,,2014,,,,,,0.0378
TotalTechnologyAnnualActivityLowerLimit,NDCincond,ECU,IRON_STEEL,,,,2015,,,,,,0.0404
TotalTechnologyAnnualActivityLowerLimit,NDCincond,ECU,IRON_STEEL,,,,2016,,,,,,0.0429
TotalTechnologyAnnualActivityLowerLimit,NDCincond,ECU,IRON_STEEL,,,,2017,,,,,,0.0496
TotalTechnologyAnnualActivityLowerLimit,NDCincond,ECU,IRON_STEEL,,,,2018,,,,,,0.0564
TotalTechnologyAnnualActivityLowerLimit,NDCincond,ECU,IRON_STEEL,,,,2019,,,,,,0.0459
TotalTechnologyAnnualActivityLowerLimit,NDCincond,ECU,IRON_STEEL,,,,2020,,,,,,0.0354
TotalTechnologyAnnualActivityLowerLimit,NDCincond,ECU,IRON_STEEL,,,,2021,,,,,,0.0779
TotalTechnologyAnnualActivityLowerLimit,NDCincond,ECU,IRON_STEEL,,,,2022,,,,,,0.0801
TotalTechnologyAnnualActivityLowerLimit,NDCincond,ECU,IRON_STEEL,,,,2023,,,,,,0.0818
TotalTechnologyAnnualActivityLowerLimit,NDCincond,ECU,IRON_STEEL,,,,2024,,,,,,0.0836
TotalTechnologyAnnualActivityLowerLimit,NDCincond,ECU,IRON_STEEL,,,,2025,,,,,,0.0853
TotalTechnologyAnnualActivityLowerLimit,NDCincond,ECU,IRON_STEEL,,,,2026,,,,,,0.0872
TotalTechnologyAnnualActivityLowerLimit,NDCincond,ECU,IRON_STEEL,,,,2027,,,,,,0.089
TotalTechnologyAnnualActivityLowerLimit,NDCincond,ECU,IRON_STEEL,,,,2028,,,,,,0.0909
TotalTechnologyAnnualActivityLowerLimit,NDCincond,ECU,IRON_STEEL,,,,2029,,,,,,0.0929
TotalTechnologyAnnualActivityLowerLimit,NDCincond,ECU,IRON_STEEL,,,,2030,,,,,,0.0949
TotalTechnologyAnnualActivityLowerLimit,NDCincond,ECU,IRON_STEEL,,,,2031,,,,,,0.0969
TotalTechnologyAnnualActivityLowerLimit,NDCincond,ECU,IRON_STEEL,,,,2032,,,,,,0.099
TotalTechnologyAnnualActivityLowerLimit,NDCincond,ECU,IRON_STEEL,,,,2033,,,,,,0.1011
TotalTechnologyAnnualActivityLowerLimit,NDCincond,ECU,IRON_STEEL,,,,2034,,,,,,0.1032
TotalTechnologyAnnualActivityLowerLimit,NDCincond,ECU,IRON_STEEL,,,,2035,,,,,,0.1055
TotalTechnologyAnnualActivityLowerLimit,NDCincond,ECU,LEAD_PROD,,,,2010,,,,,,0.0013
TotalTechnologyAnnualActivityLowerLimit,NDCincond,ECU,LEAD_PROD,,,,2011,,,,,,0.0016
TotalTechnologyAnnualActivityLowerLimit,NDCincond,ECU,LEAD_PROD,,,,2012,,,,,,0.0019
TotalTechnologyAnnualActivityLowerLimit,NDCincond,ECU,LEAD_PROD,,,,2013,,,,,,0.0023
TotalTechnologyAnnualActivityLowerLimit,NDCincond,ECU,LEAD_PROD,,,,2014,,,,,,0.0027
TotalTechnologyAnnualActivityLowerLimit,NDCincond,ECU,LEAD_PROD,,,,2015,,,,,,0.0029
TotalTechnologyAnnualActivityLowerLimit,NDCincond,ECU,LEAD_PROD,,,,2016,,,,,,0.003
TotalTechnologyAnnualActivityLowerLimit,NDCincond,ECU,LEAD_PROD,,,,2017,,,,,,0.0035
TotalTechnologyAnnualActivityLowerLimit,NDCincond,ECU,LEAD_PROD,,,,2018,,,,,,0.004
TotalTechnologyAnnualActivityLowerLimit,NDCincond,ECU,LEAD_PROD,,,,2019,,,,,,0.007
TotalTechnologyAnnualActivityLowerLimit,NDCincond,ECU,LEAD_PROD,,,,2020,,,,,,0.01
TotalTechnologyAnnualActivityLowerLimit,NDCincond,ECU,LEAD_PROD,,,,2021,,,,,,0.0087
TotalTechnologyAnnualActivityLowerLimit,NDCincond,ECU,LEAD_PROD,,,,2022,,,,,,0.0066
TotalTechnologyAnnualActivityLowerLimit,NDCincond,ECU,LEAD_PROD,,,,2023,,,,,,0.0067
TotalTechnologyAnnualActivityLowerLimit,NDCincond,ECU,LEAD_PROD,,,,2024,,,,,,0.0069
TotalTechnologyAnnualActivityLowerLimit,NDCincond,ECU,LEAD_PROD,,,,2025,,,,,,0.007
TotalTechnologyAnnualActivityLowerLimit,NDCincond,ECU,LEAD_PROD,,,,2026,,,,,,0.0072
TotalTechnologyAnnualActivityLowerLimit,NDCincond,ECU,LEAD_PROD,,,,2027,,,,,,0.0073
TotalTechnologyAnnualActivityLowerLimit,NDCincond,ECU,LEAD_PROD,,,,2028,,,,,,0.0075
TotalTechnologyAnnualActivityLowerLimit,NDCincond,ECU,LEAD_PROD,,,,2029,,,,,,0.0077
TotalTechnologyAnnualActivityLowerLimit,NDCincond,ECU,LEAD_PROD,,,,2030,,,,,,0.0078
TotalTechnologyAnnualActivityLowerLimit,NDCincond,ECU,LEAD_PROD,,,,2031,,,,,,0.008
TotalTechnologyAnnualActivityLowerLimit,NDCincond,ECU,LEAD_PROD,,,,2032,,,,,,0.0082
TotalTechnologyAnnualActivityLowerLimit,NDCincond,ECU,LEAD_PROD,,,,2033,,,,,,0.0083
TotalTechnologyAnnualActivityLowerLimit,NDCincond,ECU,LEAD_PROD,,,,2034,,,,,,0.0085
TotalTechnologyAnnualActivityLowerLimit,NDCincond,ECU,LEAD_PROD,,,,2035,,,,,,0.0087
TotalTechnologyAnnualActivityLowerLimit,NDCincond,ECU,LUBRI,,,,2010,,,,,,0.0
TotalTechnologyAnnualActivityLowerLimit,NDCincond,ECU,LUBRI,,,,2011,,,,,,0.0001
TotalTechnologyAnnualActivityLowerLimit,NDCincond,ECU,LUBRI,,,,2012,,,,,,0.0002
TotalTechnologyAnnualActivityLowerLimit,NDCincond,ECU,LUBRI,,,,2013,,,,,,0.0028
TotalTechnologyAnnualActivityLowerLimit,NDCincond,ECU,LUBRI,,,,2014,,,,,,0.0054
TotalTechnologyAnnualActivityLowerLimit,NDCincond,ECU,LUBRI,,,,2015,,,,,,0.0056
TotalTechnologyAnnualActivityLowerLimit,NDCincond,ECU,LUBRI,,,,2016,,,,,,0.0057
TotalTechnologyAnnualActivityLowerLimit,NDCincond,ECU,LUBRI,,,,2017,,,,,,0.0053
TotalTechnologyAnnualActivityLowerLimit,NDCincond,ECU,LUBRI,,,,2018,,,,,,0.0049
TotalTechnologyAnnualActivityLowerLimit,NDCincond,ECU,LUBRI,,,,2019,,,,,,0.0043
TotalTechnologyAnnualActivityLowerLimit,NDCincond,ECU,LUBRI,,,,2020,,,,,,0.0037
TotalTechnologyAnnualActivityLowerLimit,NDCincond,ECU,LUBRI,,,,2021,,,,,,0.0036
TotalTechnologyAnnualActivityLowerLimit,NDCincond,ECU,LUBRI,,,,2022,,,,,,0.003
TotalTechnologyAnnualActivityLowerLimit,NDCincond,ECU,LUBRI,,,,2023,,,,,,0.0031
TotalTechnologyAnnualActivityLowerLimit,NDCincond,ECU,LUBRI,,,,2024,,,,,,0.0031
TotalTechnologyAnnualActivityLowerLimit,NDCincond,ECU,LUBRI,,,,2025,,,,,,0.0032
TotalTechnologyAnnualActivityLowerLimit,NDCincond,ECU,LUBRI,,,,2026,,,,,,0.0033
TotalTechnologyAnnualActivityLowerLimit,NDCincond,ECU,LUBRI,,,,2027,,,,,,0.0033
TotalTechnologyAnnualActivityLowerLimit,NDCincond,ECU,LUBRI,,,,2028,,,,,,0.0034
TotalTechnologyAnnualActivityLowerLimit,NDCincond,ECU,LUBRI,,,,2029,,,,,,0.0035
TotalTechnologyAnnualActivityLowerLimit,NDCincond,ECU,LUBRI,,,,2030,,,,,,0.0036
TotalTechnologyAnnualActivityLowerLimit,NDCincond,ECU,LUBRI,,,,2031,,,,,,0.0036
TotalTechnologyAnnualActivityLowerLimit,NDCincond,ECU,LUBRI,,,,2032,,,,,,0.0037
TotalTechnologyAnnualActivityLowerLimit,NDCincond,ECU,LUBRI,,,,2033,,,,,,0.0038
TotalTechnologyAnnualActivityLowerLimit,NDCincond,ECU,LUBRI,,,,2034,,,,,,0.0039
TotalTechnologyAnnualActivityLowerLimit,NDCincond,ECU,LUBRI,,,,2035,,,,,,0.0039
TotalTechnologyAnnualActivityLowerLimit,NDCincond,ECU,PARAFFIN,,,,2010,,,,,,0.0003
TotalTechnologyAnnualActivityLowerLimit,NDCincond,ECU,PARAFFIN,,,,2011,,,,,,0.0002
TotalTechnologyAnnualActivityLowerLimit,NDCincond,ECU,PARAFFIN,,,,2012,,,,,,0.0
TotalTechnologyAnnualActivityLowerLimit,NDCincond,ECU,PARAFFIN,,,,2013,,,,,,0.0003
TotalTechnologyAnnualActivityLowerLimit,NDCincond,ECU,PARAFFIN,,,,2014,,,,,,0.0005
TotalTechnologyAnnualActivityLowerLimit,NDCincond,ECU,PARAFFIN,,,,2015,,,,,,0.0004
TotalTechnologyAnnualActivityLowerLimit,NDCincond,ECU,PARAFFIN,,,,2016,,,,,,0.0004
TotalTechnologyAnnualActivityLowerLimit,NDCincond,ECU,PARAFFIN,,,,2017,,,,,,0.0007
TotalTechnologyAnnualActivityLowerLimit,NDCincond,ECU,PARAFFIN,,,,2018,,,,,,0.0009
TotalTechnologyAnnualActivityLowerLimit,NDCincond,ECU,PARAFFIN,,,,2019,,,,,,0.0006
TotalTechnologyAnnualActivityLowerLimit,NDCincond,ECU,PARAFFIN,,,,2020,,,,,,0.0003
TotalTechnologyAnnualActivityLowerLimit,NDCincond,ECU,PARAFFIN,,,,2021,,,,,,0.0006
TotalTechnologyAnnualActivityLowerLimit,NDCincond,ECU,PARAFFIN,,,,2022,,,,,,0.0001
TotalTechnologyAnnualActivityLowerLimit,NDCincond,ECU,PARAFFIN,,,,2023,,,,,,0.0001
TotalTechnologyAnnualActivityLowerLimit,NDCincond,ECU,PARAFFIN,,,,2024,,,,,,0.0001
TotalTechnologyAnnualActivityLowerLimit,NDCincond,ECU,PARAFFIN,,,,2025,,,,,,0.0001
TotalTechnologyAnnualActivityLowerLimit,NDCincond,ECU,PARAFFIN,,,,2026,,,,,,0.0001
TotalTechnologyAnnualActivityLowerLimit,NDCincond,ECU,PARAFFIN,,,,2027,,,,,,0.0001
TotalTechnologyAnnualActivityLowerLimit,NDCincond,ECU,PARAFFIN,,,,2028,,,,,,0.0001
TotalTechnologyAnnualActivityLowerLimit,NDCincond,ECU,PARAFFIN,,,,2029,,,,,,0.0001
TotalTechnologyAnnualActivityLowerLimit,NDCincond,ECU,PARAFFIN,,,,2030,,,,,,0.0001
TotalTechnologyAnnualActivityLowerLimit,NDCincond,ECU,PARAFFIN,,,,2031,,,,,,0.0001
TotalTechnologyAnnualActivityLowerLimit,NDCincond,ECU,PARAFFIN,,,,2032,,,,,,0.0001
TotalTechnologyAnnualActivityLowerLimit,NDCincond,ECU,PARAFFIN,,,,2033,,,,,,0.0001
TotalTechnologyAnnualActivityLowerLimit,NDCincond,ECU,PARAFFIN,,,,2034,,,,,,0.0001
TotalTechnologyAnnualActivityLowerLimit,NDCincond,ECU,PARAFFIN,,,,2035,,,,,,0.0001
TotalTechnologyAnnualActivityLowerLimit,NDCincond,ECU,PROD_CLK_TRAD,,,,2010,,,,,,0.0
TotalTechnologyAnnualActivityLowerLimit,NDCincond,ECU,PROD_CLK_TRAD,,,,2011,,,,,,0.0
TotalTechnologyAnnualActivityLowerLimit,NDCincond,ECU,PROD_CLK_TRAD,,,,2012,,,,,,0.0
TotalTechnologyAnnualActivityLowerLimit,NDCincond,ECU,PROD_CLK_TRAD,,,,2013,,,,,,0.0
TotalTechnologyAnnualActivityLowerLimit,NDCincond,ECU,PROD_CLK_TRAD,,,,2014,,,,,,0.0
TotalTechnologyAnnualActivityLowerLimit,NDCincond,ECU,PROD_CLK_TRAD,,,,2015,,,,,,0.0
TotalTechnologyAnnualActivityLowerLimit,NDCincond,ECU,PROD_CLK_TRAD,,,,2016,,,,,,0.0
TotalTechnologyAnnualActivityLowerLimit,NDCincond,ECU,PROD_CLK_TRAD,,,,2017,,,,,,0.0
TotalTechnologyAnnualActivityLowerLimit,NDCincond,ECU,PROD_CLK_TRAD,,,,2018,,,,,,0.0
TotalTechnologyAnnualActivityLowerLimit,NDCincond,ECU,PROD_CLK_TRAD,,,,2019,,,,,,0.0
TotalTechnologyAnnualActivityLowerLimit,NDCincond,ECU,PROD_CLK_TRAD,,,,2020,,,,,,0.0
TotalTechnologyAnnualActivityLowerLimit,NDCincond,ECU,PROD_CLK_TRAD,,,,2021,,,,,,0.0
TotalTechnologyAnnualActivityLowerLimit,NDCincond,ECU,PROD_CLK_TRAD,,,,2022,,,,,,0.0
TotalTechnologyAnnualActivityLowerLimit,NDCincond,ECU,PROD_CLK_TRAD,,,,2023,,,,,,0.0
TotalTechnologyAnnualActivityLowerLimit,NDCincond,ECU,PROD_CLK_TRAD,,,,2024,,,,,,0.0
TotalTechnologyAnnualActivityLowerLimit,NDCincond,ECU,PROD_CLK_TRAD,,,,2025,,,,,,0.0
TotalTechnologyAnnualActivityLowerLimit,NDCincond,ECU,PROD_CLK_TRAD,,,,2026,,,,,,0.0
TotalTechnologyAnnualActivityLowerLimit,NDCincond,ECU,PROD_CLK_TRAD,,,,2027,,,,,,0.0
TotalTechnologyAnnualActivityLowerLimit,NDCincond,ECU,PROD_CLK_TRAD,,,,2028,,,,,,0.0
TotalTechnologyAnnualActivityLowerLimit,NDCincond,ECU,PROD_CLK_TRAD,,,,2029,,,,,,0.0
TotalTechnologyAnnualActivityLowerLimit,NDCincond,ECU,PROD_CLK_TRAD,,,,2030,,,,,,0.0
TotalTechnologyAnnualActivityLowerLimit,NDCincond,ECU,PROD_CLK_TRAD,,,,2031,,,,,,0.0
TotalTechnologyAnnualActivityLowerLimit,NDCincond,ECU,PROD_CLK_TRAD,,,,2032,,,,,,0.0
TotalTechnologyAnnualActivityLowerLimit,NDCincond,ECU,PROD_CLK_TRAD,,,,2033,,,,,,0.0
TotalTechnologyAnnualActivityLowerLimit,NDCincond,ECU,PROD_CLK_TRAD,,,,2034,,,,,,0.0
TotalTechnologyAnnualActivityLowerLimit,NDCincond,ECU,PROD_CLK_TRAD,,,,2035,,,,,,0.0
